k005930,"5,253,409 억원"
k000660,"928,203 억원"
k051910,"691,099 억원"
k005935,"638,560 억원"
k207940,"531,967 억원"
k005380,"512,804 억원"
k006400,"506,795 억원"
k035420,"502,646 억원"
k068270,"444,143 억원"
k035720,"387,196 억원"
k012330,"305,601 억원"
k000270,"288,213 억원"
k028260,"286,872 억원"
k051900,"246,768 억원"
k096770,"242,722 억원"
k005490,"239,764 억원"
k066570,"229,107 억원"
k091990,"217,695 억원"
k034730,"212,840 억원"
k036570,"205,270 억원"
k017670,"203,075 억원"
k105560,"187,945 억원"
k003550,"182,911 억원"
k055550,"172,262 억원"
k032830,"165,200 억원"
k015760,"162,417 억원"
k018260,"157,464 억원"
k009150,"150,508 억원"
k090430,"128,901 억원"
k326030,"119,819 억원"
k086790,"114,542 억원"
k033780,"112,168 억원"
k251270,"106,448 억원"
k011170,"103,169 억원"
k018880,"91,814 억원"
k009830,"88,565 억원"
k000810,"88,117 억원"
k010950,"84,775 억원"
k009540,"80,681 억원"
k003670,"78,675 억원"
k010130,"77,839 억원"
k034220,"75,320 억원"
k316140,"71,649 억원"
k086280,"70,125 억원"
k068760,"67,109 억원"
k097950,"65,787 억원"
k006800,"65,177 억원"
k024110,"64,042 억원"
k030200,"62,928 억원"
k019170,"61,728 억원"
k004020,"57,782 억원"
k003490,"56,008 억원"
k352820,"55,929 억원"
k021240,"54,464 억원"
k035250,"53,913 억원"
k032640,"53,267 억원"
k008930,"51,819 억원"
k002790,"51,536 억원"
k000100,"51,012 억원"
k011780,"50,881 억원"
k034020,"50,763 억원"
k161390,"49,612 억원"
k139480,"48,643 억원"
k028300,"48,577 억원"
k006280,"48,558 억원"
k011200,"48,355 억원"
k071050,"48,147 억원"
k271560,"48,036 억원"
k000720,"47,660 억원"
k096530,"47,195 억원"
k180640,"43,998 억원"
k011070,"43,784 억원"
k010140,"43,722 억원"
k267250,"43,209 억원"
k128940,"42,694 억원"
k196170,"42,321 억원"
k285130,"41,036 억원"
k247540,"40,682 억원"
k011790,"39,383 억원"
k088980,"38,894 억원"
k005387,"38,857 억원"
k000120,"38,553 억원"
k004990,"38,187 억원"
k029780,"37,886 억원"
k051915,"37,675 억원"
k016360,"37,104 억원"
k078930,"36,934 억원"
k039490,"35,322 억원"
k012510,"34,937 억원"
k263750,"34,845 억원"
k035760,"34,780 억원"
k336260,"34,646 억원"
k003090,"34,304 억원"
k036490,"34,290 억원"
k293490,"34,205 억원"
k001040,"33,991 억원"
k023530,"33,805 억원"
k006360,"33,675 억원"
k204320,"33,668 억원"
k012750,"33,325 억원"
k008770,"33,322 억원"
k005940,"33,066 억원"
k003410,"32,902 억원"
k241560,"32,531 억원"
k026960,"32,004 억원"
k032500,"31,458 억원"
k036460,"31,202 억원"
k005830,"30,550 억원"
k253450,"29,914 억원"
k042660,"29,773 억원"
k005385,"28,497 억원"
k081660,"27,916 억원"
k112610,"27,830 억원"
k007070,"27,489 억원"
k145020,"27,482 억원"
k020150,"27,205 억원"
k047810,"27,049 억원"
k028050,"26,852 억원"
k088350,"26,664 억원"
k000990,"26,595 억원"
k307950,"26,250 억원"
k095700,"25,587 억원"
k028670,"25,419 억원"
k000080,"25,073 억원"
k282330,"25,062 억원"
k008560,"24,909 억원"
k047040,"24,646 억원"
k010060,"24,446 억원"
k004170,"24,367 억원"
k009240,"24,240 억원"
k030000,"23,468 억원"
k000880,"23,387 억원"
k066970,"23,233 억원"
k058470,"23,153 억원"
k006260,"23,152 억원"
k185750,"22,914 억원"
k240810,"22,701 억원"
k064350,"22,210 억원"
k005250,"22,197 억원"
k014680,"22,082 억원"
k357780,"21,928 억원"
k078340,"21,744 억원"
k007310,"21,040 억원"
k272210,"20,503 억원"
k011210,"20,478 억원"
k069620,"20,161 억원"
k010620,"20,011 억원"
k001450,"19,981 억원"
k010120,"19,740 억원"
k235980,"19,672 억원"
k278280,"19,280 억원"
k138930,"19,165 억원"
k047050,"18,815 억원"
k069960,"18,488 억원"
k006650,"18,265 억원"
k294870,"18,223 억원"
k012450,"18,201 억원"
k009900,"18,187 억원"
k009420,"18,128 억원"
k005290,"18,098 억원"
k004370,"18,096 억원"
k002380,"17,995 억원"
k000060,"17,973 억원"
k042670,"17,834 억원"
k017800,"17,571 억원"
k003000,"16,890 억원"
k098460,"16,477 억원"
k237690,"16,287 억원"
k004800,"16,225 억원"
k010780,"16,188 억원"
k336370,"15,784 억원"
k064760,"15,761 억원"
k007700,"15,554 억원"
k200130,"15,510 억원"
k268600,"15,290 억원"
k000250,"15,255 억원"
k323990,"15,234 억원"
k034230,"15,233 억원"
k013890,"15,127 억원"
k039200,"14,915 억원"
k060250,"14,885 억원"
k051905,"14,782 억원"
k181710,"14,752 억원"
k111770,"14,734 억원"
k004000,"14,319 억원"
k039030,"14,254 억원"
k086520,"14,138 억원"
k056190,"14,022 억원"
k140410,"13,864 억원"
k000240,"13,767 억원"
k030190,"13,630 억원"
k141080,"13,571 억원"
k003520,"13,461 억원"
k020560,"13,394 억원"
k069080,"13,383 억원"
k138040,"13,227 억원"
k086450,"13,071 억원"
k035900,"12,868 억원"
k084850,"12,825 억원"
k051600,"12,713 억원"
k022100,"12,588 억원"
k214320,"12,540 억원"
k001740,"12,509 억원"
k031430,"12,459 억원"
k139130,"12,415 억원"
k298380,"12,278 억원"
k004490,"12,250 억원"
k161890,"12,241 억원"
k046890,"12,186 억원"
k178920,"12,040 억원"
k144510,"11,947 억원"
k016380,"11,851 억원"
k067630,"11,721 억원"
k006120,"11,651 억원"
k025900,"11,553 억원"
k175330,"11,464 억원"
k120110,"11,453 억원"
k192080,"11,429 억원"
k001440,"11,391 억원"
k007570,"11,280 억원"
k218410,"11,208 억원"
k093370,"11,159 억원"
k073240,"11,117 억원"
k005300,"11,084 억원"
k032350,"11,049 억원"
k088800,"10,977 억원"
k066575,"10,896 억원"
k298020,"10,819 억원"
k023590,"10,768 억원"
k003850,"10,738 억원"
k363280,"10,669 억원"
k108320,"10,539 억원"
k001120,"10,330 억원"
k084990,"10,263 억원"
k000670,"10,021 억원"
k114090,"10,021 억원"
k192820,"10,019 억원"
k082270,"10,018 억원"
k033640,"9,996 억원"
k079160,"9,986 억원"
k069260,"9,933 억원"
k214150,"9,933 억원"
k085660,"9,932 억원"
k000150,"9,749 억원"
k042700,"9,708 억원"
k001680,"9,701 억원"
k018670,"9,692 억원"
k057050,"9,612 억원"
k048530,"9,498 억원"
k005690,"9,474 억원"
k036830,"9,413 억원"
k003240,"9,375 억원"
k036540,"9,341 억원"
k086900,"9,337 억원"
k097520,"9,289 억원"
k006040,"9,286 억원"
k003690,"9,244 억원"
k028150,"9,220 억원"
k230360,"9,138 억원"
k014820,"9,120 억원"
k039130,"9,047 억원"
k330590,"8,994 억원"
k053800,"8,872 억원"
k314130,"8,848 억원"
k048410,"8,835 억원"
k178320,"8,824 억원"
k053030,"8,795 억원"
k001880,"8,777 억원"
k071840,"8,770 억원"
k005850,"8,749 억원"
k005440,"8,735 억원"
k284740,"8,694 억원"
k033270,"8,691 억원"
k210980,"8,565 억원"
k001230,"8,446 억원"
k101490,"8,398 억원"
k122870,"8,379 억원"
k011000,"8,372 억원"
k348950,"8,363 억원"
k103140,"8,351 억원"
k222080,"8,279 억원"
k206650,"8,246 억원"
k001800,"8,238 억원"
k241590,"8,233 억원"
k064960,"8,233 억원"
k294090,"8,228 억원"
k183490,"8,181 억원"
k084370,"8,181 억원"
k003380,"8,145 억원"
k213420,"8,139 억원"
k131970,"8,118 억원"
k005880,"8,098 억원"
k089590,"8,027 억원"
k041960,"8,023 억원"
k214370,"8,014 억원"
k000640,"8,002 억원"
k271980,"7,941 억원"
k115450,"7,923 억원"
k020000,"7,919 억원"
k001820,"7,900 억원"
k263050,"7,845 억원"
k272450,"7,763 억원"
k089980,"7,689 억원"
k058820,"7,681 억원"
k067160,"7,667 억원"
k090460,"7,582 억원"
k006405,"7,564 억원"
k348150,"7,550 억원"
k365550,"7,550 억원"
k300720,"7,550 억원"
k003230,"7,533 억원"
k092190,"7,530 억원"
k192650,"7,475 억원"
k090435,"7,464 억원"
k078600,"7,449 억원"
k298050,"7,414 억원"
k048260,"7,414 억원"
k222800,"7,374 억원"
k100090,"7,282 억원"
k049770,"7,274 억원"
k170900,"7,270 억원"
k280360,"7,251 억원"
k079550,"7,227 억원"
k083790,"7,201 억원"
k353200,"7,190 억원"
k081000,"7,187 억원"
k950130,"7,082 억원"
k085620,"7,063 억원"
k009450,"7,034 억원"
k034310,"7,027 억원"
k131290,"7,024 억원"
k002320,"7,018 억원"
k041510,"7,012 억원"
k267270,"6,994 억원"
k001060,"6,987 억원"
k042000,"6,969 억원"
k000070,"6,946 억원"
k156100,"6,886 억원"
k108670,"6,878 억원"
k025980,"6,874 억원"
k290650,"6,869 억원"
k017810,"6,862 억원"
k011930,"6,849 억원"
k192400,"6,785 억원"
k003470,"6,746 억원"
k082640,"6,713 억원"
k204270,"6,681 억원"
k003540,"6,677 억원"
k018250,"6,616 억원"
k012630,"6,601 억원"
k033660,"6,560 억원"
k036810,"6,536 억원"
k092040,"6,533 억원"
k052690,"6,517 억원"
k025540,"6,509 억원"
k145990,"6,497 억원"
k293780,"6,469 억원"
k182400,"6,446 억원"
k267260,"6,434 억원"
k005610,"6,429 억원"
k003530,"6,426 억원"
k217270,"6,425 억원"
k00680K,"6,384 억원"
k036420,"6,374 억원"
k061970,"6,371 억원"
k002840,"6,362 억원"
k112040,"6,350 억원"
k102710,"6,288 억원"
k286940,"6,274 억원"
k105630,"6,240 억원"
k281820,"6,175 억원"
k031390,"6,171 억원"
k008490,"6,132 억원"
k290510,"6,127 억원"
k008730,"6,126 억원"
k166090,"6,124 억원"
k115390,"6,122 억원"
k091700,"6,093 억원"
k140860,"6,075 억원"
k002350,"6,075 억원"
k078130,"6,071 억원"
k298040,"6,070 억원"
k137400,"6,020 억원"
k078160,"5,935 억원"
k226320,"5,932 억원"
k050890,"5,923 억원"
k005070,"5,923 억원"
k001630,"5,912 억원"
k267980,"5,898 억원"
k000400,"5,896 억원"
k226950,"5,884 억원"
k032300,"5,879 억원"
k015350,"5,863 억원"
k243070,"5,859 억원"
k086390,"5,854 억원"
k138080,"5,854 억원"
k018000,"5,838 억원"
k007390,"5,831 억원"
k001360,"5,816 억원"
k097230,"5,813 억원"
k131370,"5,806 억원"
k344820,"5,733 억원"
k319660,"5,721 억원"
k005180,"5,714 억원"
k017960,"5,671 억원"
k068240,"5,643 억원"
k005090,"5,636 억원"
k268280,"5,585 억원"
k214450,"5,580 억원"
k330860,"5,564 억원"
k095610,"5,555 억원"
k023890,"5,554 억원"
k298000,"5,551 억원"
k074600,"5,520 억원"
k151910,"5,499 억원"
k035600,"5,427 억원"
k024720,"5,424 억원"
k027360,"5,326 억원"
k095660,"5,321 억원"
k060150,"5,308 억원"
k030610,"5,198 억원"
k001470,"5,172 억원"
k015750,"5,168 억원"
k030530,"5,159 억원"
k009970,"5,154 억원"
k009290,"5,148 억원"
k001720,"5,134 억원"
k332570,"5,126 억원"
k215200,"5,122 억원"
k065660,"5,120 억원"
k174900,"5,118 억원"
k034830,"5,100 억원"
k145720,"5,092 억원"
k032190,"5,075 억원"
k000020,"5,042 억원"
k033290,"5,036 억원"
k003060,"5,002 억원"
k299030,"4,989 억원"
k232140,"4,983 억원"
k006390,"4,962 억원"
k039840,"4,960 억원"
k053580,"4,944 억원"
k009410,"4,940 억원"
k206640,"4,932 억원"
k041140,"4,899 억원"
k183300,"4,894 억원"
k059090,"4,885 억원"
k347860,"4,860 억원"
k049070,"4,859 억원"
k068400,"4,847 억원"
k123890,"4,835 억원"
k078070,"4,814 억원"
k006730,"4,802 억원"
k298060,"4,774 억원"
k138250,"4,768 억원"
k249420,"4,761 억원"
k003070,"4,740 억원"
k039560,"4,720 억원"
k008350,"4,683 억원"
k032620,"4,677 억원"
k064550,"4,675 억원"
k339770,"4,672 억원"
k034120,"4,664 억원"
k010050,"4,660 억원"
k195870,"4,633 억원"
k263720,"4,628 억원"
k027410,"4,623 억원"
k060720,"4,593 억원"
k322000,"4,586 억원"
k030520,"4,583 억원"
k080160,"4,574 억원"
k950180,"4,570 억원"
k272290,"4,561 억원"
k175250,"4,560 억원"
k200230,"4,559 억원"
k321550,"4,555 억원"
k025860,"4,551 억원"
k122990,"4,550 억원"
k036930,"4,535 억원"
k071320,"4,527 억원"
k029960,"4,525 억원"
k017390,"4,520 억원"
k284620,"4,502 억원"
k089970,"4,477 억원"
k060980,"4,477 억원"
k013120,"4,450 억원"
k000370,"4,442 억원"
k016710,"4,425 억원"
k089030,"4,424 억원"
k000815,"4,421 억원"
k100130,"4,417 억원"
k009680,"4,389 억원"
k001200,"4,388 억원"
k104830,"4,388 억원"
k033180,"4,367 억원"
k097780,"4,361 억원"
k014830,"4,356 억원"
k001510,"4,353 억원"
k093050,"4,342 억원"
k078590,"4,338 억원"
k215000,"4,317 억원"
k108230,"4,316 억원"
k001430,"4,303 억원"
k003800,"4,297 억원"
k044340,"4,272 억원"
k002390,"4,260 억원"
k038500,"4,246 억원"
k001780,"4,202 억원"
k052400,"4,201 억원"
k053210,"4,194 억원"
k063160,"4,186 억원"
k001500,"4,181 억원"
k001530,"4,179 억원"
k119860,"4,145 억원"
k126560,"4,143 억원"
k025950,"4,141 억원"
k192440,"4,097 억원"
k002780,"4,095 억원"
k045390,"4,091 억원"
k034950,"4,073 억원"
k089010,"4,071 억원"
k317330,"4,052 억원"
k189300,"4,045 억원"
k293480,"4,026 억원"
k121600,"4,019 억원"
k101360,"4,015 억원"
k083420,"4,008 억원"
k093320,"4,006 억원"
k073490,"4,002 억원"
k318020,"4,000 억원"
k228670,"3,992 억원"
k225570,"3,980 억원"
k046440,"3,980 억원"
k041190,"3,961 억원"
k002270,"3,933 억원"
k214870,"3,902 억원"
k084690,"3,893 억원"
k200710,"3,889 억원"
k241840,"3,886 억원"
k078020,"3,884 억원"
k077500,"3,878 억원"
k033240,"3,866 억원"
k216080,"3,865 억원"
k004430,"3,864 억원"
k216050,"3,855 억원"
k002210,"3,850 억원"
k011280,"3,845 억원"
k023410,"3,827 억원"
k214390,"3,813 억원"
k052710,"3,810 억원"
k244460,"3,800 억원"
k072520,"3,791 억원"
k121800,"3,790 억원"
k038540,"3,790 억원"
k006060,"3,789 억원"
k029460,"3,788 억원"
k230240,"3,781 억원"
k530060,"3,780 억원"
k003220,"3,775 억원"
k071055,"3,773 억원"
k035890,"3,769 억원"
k001725,"3,767 억원"
k195990,"3,759 억원"
k049950,"3,742 억원"
k099190,"3,737 억원"
k067310,"3,726 억원"
k166480,"3,725 억원"
k095340,"3,719 억원"
k005950,"3,714 억원"
k051370,"3,709 억원"
k096760,"3,708 억원"
k037270,"3,695 억원"
k000140,"3,678 억원"
k043150,"3,669 억원"
k245620,"3,665 억원"
k293940,"3,663 억원"
k004700,"3,657 억원"
k00104K,"3,652 억원"
k102460,"3,644 억원"
k265520,"3,642 억원"
k237880,"3,636 억원"
k220630,"3,635 억원"
k094800,"3,634 억원"
k042040,"3,616 억원"
k299660,"3,603 억원"
k317400,"3,602 억원"
k317690,"3,590 억원"
k243840,"3,589 억원"
k007460,"3,586 억원"
k122450,"3,582 억원"
k072710,"3,580 억원"
k005500,"3,579 억원"
k000050,"3,564 억원"
k068330,"3,542 억원"
k187870,"3,539 억원"
k002310,"3,538 억원"
k052420,"3,536 억원"
k131390,"3,534 억원"
k139670,"3,522 억원"
k109820,"3,519 억원"
k004710,"3,516 억원"
k052260,"3,510 억원"
k082920,"3,489 억원"
k006840,"3,484 억원"
k047310,"3,477 억원"
k900140,"3,471 억원"
k075580,"3,468 억원"
k092220,"3,466 억원"
k002990,"3,462 억원"
k234080,"3,452 억원"
k194700,"3,448 억원"
k138610,"3,441 억원"
k084680,"3,435 억원"
k026890,"3,430 억원"
k079430,"3,419 억원"
k297090,"3,415 억원"
k023800,"3,396 억원"
k294140,"3,395 억원"
k000390,"3,392 억원"
k007810,"3,390 억원"
k005420,"3,368 억원"
k004690,"3,362 억원"
k043610,"3,353 억원"
k217330,"3,352 억원"
k025770,"3,348 억원"
k241820,"3,341 억원"
k304840,"3,338 억원"
k016580,"3,329 억원"
k016800,"3,329 억원"
k354200,"3,323 억원"
k104700,"3,320 억원"
k357120,"3,310 억원"
k088260,"3,306 억원"
k065680,"3,303 억원"
k950190,"3,289 억원"
k064260,"3,289 억원"
k038880,"3,278 억원"
k009155,"3,270 억원"
k335810,"3,261 억원"
k262260,"3,258 억원"
k136490,"3,258 억원"
k084110,"3,256 억원"
k033500,"3,244 억원"
k183190,"3,241 억원"
k037560,"3,237 억원"
k000480,"3,232 억원"
k047920,"3,228 억원"
k123860,"3,205 억원"
k002620,"3,203 억원"
k298690,"3,201 억원"
k040910,"3,195 억원"
k002960,"3,185 억원"
k019680,"3,185 억원"
k161580,"3,178 억원"
k100120,"3,171 억원"
k115180,"3,170 억원"
k011040,"3,169 억원"
k136480,"3,165 억원"
k091810,"3,144 억원"
k213500,"3,142 억원"
k00088K,"3,135 억원"
k123040,"3,129 억원"
k095720,"3,124 억원"
k226330,"3,113 억원"
k065350,"3,106 억원"
k234340,"3,100 억원"
k066590,"3,078 억원"
k005960,"3,076 억원"
k033310,"3,073 억원"
k003300,"3,054 억원"
k082210,"3,054 억원"
k001390,"3,045 억원"
k143160,"3,043 억원"
k001520,"3,043 억원"
k087010,"3,042 억원"
k002240,"3,040 억원"
k058650,"3,036 억원"
k256940,"3,030 억원"
k045660,"3,023 억원"
k142280,"3,020 억원"
k010170,"3,020 억원"
k058400,"3,019 억원"
k161000,"3,012 억원"
k012610,"3,009 억원"
k307750,"3,002 억원"
k118990,"2,999 억원"
k080420,"2,998 억원"
k085370,"2,995 억원"
k039440,"2,992 억원"
k143240,"2,991 억원"
k007690,"2,987 억원"
k025320,"2,977 억원"
k066700,"2,976 억원"
k050960,"2,974 억원"
k122900,"2,973 억원"
k199820,"2,972 억원"
k100700,"2,970 억원"
k060570,"2,968 억원"
k083310,"2,952 억원"
k272550,"2,949 억원"
k208340,"2,947 억원"
k298540,"2,945 억원"
k045100,"2,943 억원"
k036800,"2,935 억원"
k067080,"2,925 억원"
k036030,"2,921 억원"
k102940,"2,910 억원"
k018290,"2,907 억원"
k101160,"2,898 억원"
k017940,"2,885 억원"
k061040,"2,884 억원"
k044490,"2,871 억원"
k267850,"2,869 억원"
k077360,"2,863 억원"
k016450,"2,860 억원"
k053610,"2,860 억원"
k082800,"2,848 억원"
k289080,"2,848 억원"
k002100,"2,842 억원"
k348350,"2,841 억원"
k00279K,"2,837 억원"
k129890,"2,834 억원"
k015860,"2,828 억원"
k013580,"2,822 억원"
k238090,"2,813 억원"
k002020,"2,809 억원"
k306200,"2,808 억원"
k214330,"2,806 억원"
k089600,"2,806 억원"
k251370,"2,804 억원"
k353810,"2,804 억원"
k115960,"2,802 억원"
k036200,"2,787 억원"
k092730,"2,782 억원"
k002150,"2,782 억원"
k060280,"2,769 억원"
k100790,"2,760 억원"
k007340,"2,758 억원"
k228760,"2,748 억원"
k038290,"2,743 억원"
k004360,"2,742 억원"
k110790,"2,741 억원"
k033530,"2,735 억원"
k207760,"2,735 억원"
k099320,"2,729 억원"
k084010,"2,723 억원"
k144960,"2,722 억원"
k036630,"2,719 억원"
k356860,"2,719 억원"
k079980,"2,719 억원"
k023900,"2,715 억원"
k017890,"2,712 억원"
k036890,"2,709 억원"
k308170,"2,708 억원"
k950200,"2,706 억원"
k092070,"2,701 억원"
k092130,"2,698 억원"
k102120,"2,698 억원"
k025000,"2,691 억원"
k045970,"2,684 억원"
k288330,"2,676 억원"
k052020,"2,674 억원"
k001940,"2,670 억원"
k500019,"2,668 억원"
k220100,"2,662 억원"
k253840,"2,661 억원"
k101060,"2,658 억원"
k126340,"2,657 억원"
k082740,"2,656 억원"
k148150,"2,654 억원"
k001570,"2,647 억원"
k530031,"2,646 억원"
k079370,"2,627 억원"
k104480,"2,627 억원"
k004310,"2,621 억원"
k290670,"2,595 억원"
k047820,"2,585 억원"
k017180,"2,584 억원"
k029530,"2,580 억원"
k016590,"2,575 억원"
k352770,"2,570 억원"
k001130,"2,569 억원"
k002810,"2,567 억원"
k086980,"2,567 억원"
k033540,"2,556 억원"
k000430,"2,554 억원"
k035810,"2,554 억원"
k036580,"2,553 억원"
k041830,"2,545 억원"
k031440,"2,544 억원"
k003545,"2,535 억원"
k019175,"2,530 억원"
k074430,"2,529 억원"
k009580,"2,529 억원"
k037710,"2,528 억원"
k051500,"2,523 억원"
k097955,"2,522 억원"
k035080,"2,513 억원"
k053280,"2,511 억원"
k095190,"2,511 억원"
k288620,"2,503 억원"
k036530,"2,503 억원"
k065530,"2,500 억원"
k063080,"2,500 억원"
k234690,"2,494 억원"
k090850,"2,493 억원"
k005389,"2,489 억원"
k005720,"2,484 억원"
k125210,"2,466 억원"
k067900,"2,466 억원"
k205470,"2,464 억원"
k044450,"2,458 억원"
k217600,"2,449 억원"
k004380,"2,436 억원"
k248170,"2,435 억원"
k094280,"2,421 억원"
k092230,"2,421 억원"
k179900,"2,415 억원"
k144620,"2,403 억원"
k008700,"2,402 억원"
k282880,"2,401 억원"
k005810,"2,398 억원"
k191420,"2,397 억원"
k121440,"2,390 억원"
k061250,"2,389 억원"
k300120,"2,388 억원"
k215360,"2,388 억원"
k28513K,"2,385 억원"
k053300,"2,384 억원"
k119610,"2,382 억원"
k264450,"2,377 억원"
k031330,"2,375 억원"
k005390,"2,371 억원"
k229640,"2,370 억원"
k033160,"2,366 억원"
k008060,"2,366 억원"
k101530,"2,364 억원"
k270870,"2,360 억원"
k160550,"2,358 억원"
k006620,"2,353 억원"
k067170,"2,347 억원"
k007860,"2,336 억원"
k068290,"2,335 억원"
k054780,"2,330 억원"
k030210,"2,328 억원"
k058110,"2,327 억원"
k02826K,"2,327 억원"
k003555,"2,324 억원"
k006490,"2,321 억원"
k067290,"2,321 억원"
k002630,"2,312 억원"
k151860,"2,311 억원"
k256840,"2,301 억원"
k200880,"2,289 억원"
k120240,"2,287 억원"
k082850,"2,286 억원"
k011760,"2,282 억원"
k086820,"2,282 억원"
k299900,"2,281 억원"
k003560,"2,281 억원"
k214180,"2,275 억원"
k000540,"2,255 억원"
k035510,"2,253 억원"
k054950,"2,247 억원"
k034810,"2,238 억원"
k236200,"2,230 억원"
k003120,"2,226 억원"
k016610,"2,220 억원"
k048870,"2,215 억원"
k011500,"2,213 억원"
k001270,"2,204 억원"
k003920,"2,203 억원"
k020120,"2,202 억원"
k239610,"2,201 억원"
k200670,"2,189 억원"
k111710,"2,182 억원"
k037460,"2,179 억원"
k160980,"2,174 억원"
k096775,"2,172 억원"
k054450,"2,168 억원"
k267320,"2,163 억원"
k068790,"2,162 억원"
k291650,"2,159 억원"
k331920,"2,156 억원"
k102260,"2,153 억원"
k054920,"2,147 억원"
k136540,"2,147 억원"
k126700,"2,137 억원"
k000680,"2,136 억원"
k050110,"2,135 억원"
k126880,"2,135 억원"
k004960,"2,135 억원"
k033920,"2,135 억원"
k089470,"2,131 억원"
k106240,"2,127 억원"
k049080,"2,122 억원"
k078520,"2,117 억원"
k071670,"2,115 억원"
k095570,"2,112 억원"
k101140,"2,111 억원"
k009520,"2,111 억원"
k302430,"2,109 억원"
k080580,"2,108 억원"
k001070,"2,101 억원"
k070960,"2,099 억원"
k004140,"2,097 억원"
k054210,"2,091 억원"
k001460,"2,086 억원"
k019550,"2,083 억원"
k015360,"2,082 억원"
k064290,"2,081 억원"
k002900,"2,079 억원"
k065450,"2,072 억원"
k012790,"2,071 억원"
k093230,"2,069 억원"
k122350,"2,068 억원"
k042370,"2,063 억원"
k040350,"2,061 억원"
k337930,"2,059 억원"
k123690,"2,057 억원"
k014620,"2,053 억원"
k092200,"2,053 억원"
k054050,"2,052 억원"
k187420,"2,052 억원"
k241690,"2,052 억원"
k347000,"2,051 억원"
k005680,"2,050 억원"
k039860,"2,050 억원"
k091120,"2,048 억원"
k091090,"2,045 억원"
k051160,"2,040 억원"
k089230,"2,037 억원"
k278650,"2,034 억원"
k214260,"2,033 억원"
k104460,"2,030 억원"
k123420,"2,029 억원"
k003200,"2,028 억원"
k002030,"2,020 억원"
k018120,"2,019 억원"
k084730,"2,012 억원"
k227950,"2,011 억원"
k023960,"2,001 억원"
k027050,"2,000 억원"
k003570,"1,998 억원"
k220260,"1,998 억원"
k086890,"1,995 억원"
k001540,"1,989 억원"
k067280,"1,988 억원"
k290550,"1,988 억원"
k200780,"1,987 억원"
k053080,"1,986 억원"
k153710,"1,983 억원"
k043370,"1,978 억원"
k014790,"1,975 억원"
k017550,"1,973 억원"
k021320,"1,973 억원"
k023160,"1,972 억원"
k091580,"1,971 억원"
k265740,"1,969 억원"
k090360,"1,965 억원"
k025750,"1,954 억원"
k003100,"1,954 억원"
k023600,"1,948 억원"
k217730,"1,947 억원"
k251970,"1,947 억원"
k049960,"1,946 억원"
k138580,"1,945 억원"
k203650,"1,943 억원"
k225530,"1,940 억원"
k058610,"1,939 억원"
k33626K,"1,938 억원"
k285490,"1,933 억원"
k030790,"1,928 억원"
k001340,"1,927 억원"
k067990,"1,927 억원"
k000970,"1,927 억원"
k037070,"1,925 억원"
k019210,"1,923 억원"
k002170,"1,923 억원"
k063570,"1,923 억원"
k201490,"1,919 억원"
k208640,"1,911 억원"
k028100,"1,909 억원"
k003030,"1,905 억원"
k086040,"1,901 억원"
k228850,"1,900 억원"
k031980,"1,897 억원"
k214610,"1,897 억원"
k023910,"1,890 억원"
k000490,"1,889 억원"
k110990,"1,886 억원"
k090350,"1,880 억원"
k330350,"1,877 억원"
k001790,"1,875 억원"
k083930,"1,873 억원"
k500015,"1,873 억원"
k041930,"1,872 억원"
k045520,"1,872 억원"
k950110,"1,871 억원"
k001250,"1,869 억원"
k530013,"1,862 억원"
k138490,"1,858 억원"
k004890,"1,853 억원"
k950170,"1,852 억원"
k004980,"1,844 억원"
k014160,"1,843 억원"
k011320,"1,839 억원"
k290690,"1,836 억원"
k263690,"1,835 억원"
k255440,"1,835 억원"
k143210,"1,832 억원"
k051490,"1,832 억원"
k005160,"1,831 억원"
k078150,"1,829 억원"
k107590,"1,828 억원"
k219750,"1,824 억원"
k203690,"1,823 억원"
k196490,"1,823 억원"
k094170,"1,820 억원"
k099220,"1,816 억원"
k084650,"1,815 억원"
k068930,"1,815 억원"
k023760,"1,815 억원"
k109610,"1,814 억원"
k340570,"1,813 억원"
k002720,"1,812 억원"
k009160,"1,812 억원"
k148140,"1,812 억원"
k122640,"1,808 억원"
k079960,"1,808 억원"
k079940,"1,807 억원"
k007210,"1,807 억원"
k304100,"1,806 억원"
k251630,"1,806 억원"
k357550,"1,806 억원"
k301300,"1,802 억원"
k013030,"1,797 억원"
k106190,"1,786 억원"
k039570,"1,786 억원"
k011785,"1,784 억원"
k306040,"1,781 억원"
k013520,"1,778 억원"
k312610,"1,778 억원"
k038390,"1,774 억원"
k290520,"1,773 억원"
k012860,"1,773 억원"
k700001,"1,770 억원"
k065500,"1,770 억원"
k055490,"1,767 억원"
k012700,"1,767 억원"
k281740,"1,765 억원"
k042600,"1,764 억원"
k040300,"1,760 억원"
k115160,"1,756 억원"
k003160,"1,754 억원"
k348210,"1,754 억원"
k302550,"1,754 억원"
k194480,"1,753 억원"
k311690,"1,752 억원"
k010955,"1,748 억원"
k259630,"1,744 억원"
k087260,"1,740 억원"
k003580,"1,736 억원"
k011150,"1,735 억원"
k159580,"1,731 억원"
k054670,"1,730 억원"
k065130,"1,725 억원"
k012690,"1,721 억원"
k104540,"1,721 억원"
k046210,"1,719 억원"
k222040,"1,718 억원"
k347740,"1,714 억원"
k007160,"1,713 억원"
k036190,"1,710 억원"
k051980,"1,710 억원"
k009470,"1,710 억원"
k030960,"1,702 억원"
k256630,"1,702 억원"
k023450,"1,697 억원"
k003350,"1,695 억원"
k077970,"1,693 억원"
k074610,"1,692 억원"
k072020,"1,688 억원"
k041520,"1,688 억원"
k206400,"1,688 억원"
k071200,"1,686 억원"
k149950,"1,686 억원"
k000155,"1,685 억원"
k032850,"1,679 억원"
k044820,"1,671 억원"
k033320,"1,671 억원"
k241790,"1,660 억원"
k004560,"1,659 억원"
k500032,"1,658 억원"
k007820,"1,655 억원"
k015890,"1,654 억원"
k000230,"1,645 억원"
k290720,"1,640 억원"
k155650,"1,638 억원"
k064820,"1,634 억원"
k020760,"1,634 억원"
k066980,"1,632 억원"
k012030,"1,630 억원"
k004770,"1,629 억원"
k013810,"1,627 억원"
k005945,"1,623 억원"
k108380,"1,622 억원"
k032820,"1,619 억원"
k060900,"1,617 억원"
k006890,"1,612 억원"
k047400,"1,611 억원"
k094480,"1,608 억원"
k114450,"1,605 억원"
k094850,"1,603 억원"
k239340,"1,602 억원"
k142760,"1,601 억원"
k093240,"1,595 억원"
k093920,"1,594 억원"
k214430,"1,592 억원"
k004440,"1,591 억원"
k214420,"1,588 억원"
k092870,"1,587 억원"
k007660,"1,587 억원"
k083450,"1,579 억원"
k102280,"1,577 억원"
k004540,"1,577 억원"
k005320,"1,574 억원"
k004150,"1,573 억원"
k013870,"1,572 억원"
k057680,"1,571 억원"
k190510,"1,563 억원"
k131220,"1,558 억원"
k003960,"1,558 억원"
k108490,"1,553 억원"
k014470,"1,552 억원"
k048550,"1,552 억원"
k068050,"1,550 억원"
k100250,"1,548 억원"
k035610,"1,545 억원"
k002460,"1,544 억원"
k011370,"1,544 억원"
k352940,"1,543 억원"
k004970,"1,534 억원"
k137950,"1,534 억원"
k119650,"1,534 억원"
k004270,"1,528 억원"
k060590,"1,524 억원"
k130580,"1,523 억원"
k014280,"1,521 억원"
k037330,"1,521 억원"
k033200,"1,519 억원"
k126870,"1,519 억원"
k168490,"1,516 억원"
k042420,"1,515 억원"
k03473K,"1,514 억원"
k006380,"1,512 억원"
k034300,"1,512 억원"
k073640,"1,511 억원"
k007110,"1,510 억원"
k053980,"1,509 억원"
k206560,"1,508 억원"
k004720,"1,508 억원"
k347890,"1,508 억원"
k299910,"1,505 억원"
k253590,"1,505 억원"
k238490,"1,505 억원"
k034940,"1,499 억원"
k128820,"1,497 억원"
k148250,"1,497 억원"
k012200,"1,496 억원"
k000180,"1,493 억원"
k089140,"1,493 억원"
k013700,"1,492 억원"
k205100,"1,491 억원"
k052330,"1,487 억원"
k091590,"1,485 억원"
k170030,"1,485 억원"
k073560,"1,482 억원"
k530069,"1,480 억원"
k000700,"1,479 억원"
k260930,"1,478 억원"
k089890,"1,476 억원"
k234100,"1,473 억원"
k002070,"1,473 억원"
k036120,"1,468 억원"
k008040,"1,468 억원"
k322510,"1,467 억원"
k226360,"1,465 억원"
k001045,"1,458 억원"
k003830,"1,454 억원"
k004840,"1,453 억원"
k041910,"1,452 억원"
k224110,"1,450 억원"
k282690,"1,449 억원"
k015590,"1,445 억원"
k007540,"1,444 억원"
k037950,"1,440 억원"
k065950,"1,440 억원"
k241770,"1,440 억원"
k027710,"1,437 억원"
k066310,"1,436 억원"
k100590,"1,434 억원"
k037230,"1,433 억원"
k179290,"1,431 억원"
k054620,"1,430 억원"
k014970,"1,429 억원"
k000320,"1,429 억원"
k002700,"1,428 억원"
k017900,"1,425 억원"
k046140,"1,423 억원"
k003480,"1,422 억원"
k012800,"1,422 억원"
k263700,"1,420 억원"
k269620,"1,420 억원"
k053700,"1,420 억원"
k117580,"1,419 억원"
k277880,"1,418 억원"
k263770,"1,415 억원"
k130660,"1,415 억원"
k080220,"1,415 억원"
k122310,"1,415 억원"
k002795,"1,414 억원"
k041460,"1,414 억원"
k035150,"1,413 억원"
k057880,"1,413 억원"
k067000,"1,412 억원"
k065650,"1,408 억원"
k052220,"1,408 억원"
k053950,"1,404 억원"
k134380,"1,399 억원"
k317120,"1,396 억원"
k002760,"1,396 억원"
k067390,"1,394 억원"
k065150,"1,394 억원"
k088290,"1,393 억원"
k024090,"1,392 억원"
k163560,"1,392 억원"
k210540,"1,391 억원"
k171120,"1,391 억원"
k109740,"1,386 억원"
k241710,"1,383 억원"
k048430,"1,382 억원"
k002800,"1,381 억원"
k039340,"1,380 억원"
k009320,"1,377 억원"
k036090,"1,376 억원"
k000860,"1,375 억원"
k246710,"1,374 억원"
k038460,"1,374 억원"
k027740,"1,373 억원"
k096240,"1,370 억원"
k010690,"1,367 억원"
k265560,"1,366 억원"
k080000,"1,364 억원"
k002450,"1,362 억원"
k012280,"1,362 억원"
k000520,"1,359 억원"
k120030,"1,358 억원"
k009460,"1,357 억원"
k008970,"1,355 억원"
k072870,"1,353 억원"
k001260,"1,351 억원"
k131030,"1,350 억원"
k079810,"1,349 억원"
k065170,"1,344 억원"
k024810,"1,343 억원"
k012340,"1,343 억원"
k006110,"1,342 억원"
k141000,"1,339 억원"
k086960,"1,333 억원"
k018310,"1,330 억원"
k004060,"1,330 억원"
k038060,"1,324 억원"
k013570,"1,324 억원"
k051360,"1,322 억원"
k510011,"1,320 억원"
k335890,"1,319 억원"
k096630,"1,318 억원"
k208140,"1,317 억원"
k186230,"1,316 억원"
k258610,"1,316 억원"
k127120,"1,315 억원"
k129260,"1,312 억원"
k009270,"1,310 억원"
k002410,"1,309 억원"
k006740,"1,308 억원"
k094360,"1,306 억원"
k019660,"1,302 억원"
k570046,"1,299 억원"
k118000,"1,298 억원"
k005740,"1,298 억원"
k003460,"1,296 억원"
k054800,"1,293 억원"
k067830,"1,291 억원"
k005430,"1,290 억원"
k004830,"1,289 억원"
k080720,"1,288 억원"
k211270,"1,288 억원"
k185490,"1,287 억원"
k044060,"1,286 억원"
k009070,"1,286 억원"
k041920,"1,285 억원"
k010240,"1,282 억원"
k066620,"1,279 억원"
k520009,"1,277 억원"
k261200,"1,277 억원"
k200470,"1,274 억원"
k042510,"1,271 억원"
k109960,"1,271 억원"
k007720,"1,270 억원"
k002710,"1,270 억원"
k260660,"1,267 억원"
k094860,"1,264 억원"
k009440,"1,263 억원"
k105740,"1,259 억원"
k009190,"1,255 억원"
k068940,"1,254 억원"
k015710,"1,253 억원"
k225220,"1,253 억원"
k036560,"1,251 억원"
k290380,"1,249 억원"
k204620,"1,245 억원"
k111870,"1,245 억원"
k090740,"1,243 억원"
k117670,"1,243 억원"
k103590,"1,240 억원"
k060850,"1,240 억원"
k075180,"1,238 억원"
k001840,"1,238 억원"
k044960,"1,238 억원"
k119830,"1,236 억원"
k011390,"1,236 억원"
k083550,"1,234 억원"
k058630,"1,233 억원"
k263600,"1,233 억원"
k069510,"1,233 억원"
k025440,"1,231 억원"
k006220,"1,231 억원"
k004250,"1,228 억원"
k039290,"1,226 억원"
k140070,"1,224 억원"
k007330,"1,223 억원"
k347770,"1,221 억원"
k244920,"1,219 억원"
k024950,"1,219 억원"
k000890,"1,218 억원"
k001750,"1,218 억원"
k063170,"1,218 억원"
k066130,"1,217 억원"
k182360,"1,217 억원"
k090710,"1,217 억원"
k001380,"1,216 억원"
k33637K,"1,215 억원"
k057030,"1,215 억원"
k038070,"1,212 억원"
k217820,"1,212 억원"
k096040,"1,210 억원"
k078140,"1,208 억원"
k056700,"1,206 억원"
k317240,"1,206 억원"
k014570,"1,205 억원"
k303030,"1,203 억원"
k013310,"1,202 억원"
k013990,"1,200 억원"
k064800,"1,198 억원"
k062860,"1,195 억원"
k067570,"1,194 억원"
k008250,"1,194 억원"
k060370,"1,194 억원"
k137940,"1,191 억원"
k104620,"1,191 억원"
k032560,"1,191 억원"
k004650,"1,190 억원"
k014530,"1,187 억원"
k090470,"1,185 억원"
k264660,"1,185 억원"
k038870,"1,184 억원"
k053690,"1,183 억원"
k500029,"1,182 억원"
k060230,"1,181 억원"
k014940,"1,180 억원"
k570019,"1,180 억원"
k250000,"1,178 억원"
k042520,"1,177 억원"
k046120,"1,175 억원"
k046940,"1,175 억원"
k237820,"1,174 억원"
k005990,"1,173 억원"
k011090,"1,173 억원"
k014580,"1,172 억원"
k053160,"1,167 억원"
k007680,"1,167 억원"
k158430,"1,167 억원"
k099750,"1,165 억원"
k020710,"1,165 억원"
k056080,"1,165 억원"
k021050,"1,163 억원"
k038680,"1,162 억원"
k060240,"1,162 억원"
k011810,"1,160 억원"
k100840,"1,160 억원"
k900250,"1,159 억원"
k043220,"1,157 억원"
k083640,"1,155 억원"
k297890,"1,155 억원"
k094840,"1,152 억원"
k083500,"1,149 억원"
k005710,"1,148 억원"
k078890,"1,146 억원"
k095910,"1,145 억원"
k263800,"1,145 억원"
k152550,"1,145 억원"
k052670,"1,145 억원"
k001290,"1,144 억원"
k012160,"1,136 억원"
k131400,"1,135 억원"
k078000,"1,135 억원"
k010600,"1,128 억원"
k334890,"1,128 억원"
k178780,"1,128 억원"
k048910,"1,126 억원"
k003650,"1,126 억원"
k134790,"1,124 억원"
k009200,"1,123 억원"
k293580,"1,123 억원"
k092440,"1,121 억원"
k073110,"1,121 억원"
k089790,"1,119 억원"
k318410,"1,119 억원"
k021080,"1,118 억원"
k036710,"1,118 억원"
k192250,"1,117 억원"
k267290,"1,114 억원"
k106520,"1,114 억원"
k003720,"1,114 억원"
k000220,"1,113 억원"
k026150,"1,109 억원"
k306620,"1,107 억원"
k264900,"1,106 억원"
k036670,"1,104 억원"
k010820,"1,101 억원"
k010960,"1,100 억원"
k043650,"1,098 억원"
k290740,"1,097 억원"
k305090,"1,097 억원"
k010100,"1,096 억원"
k023000,"1,094 억원"
k057540,"1,094 억원"
k071970,"1,092 억원"
k024060,"1,092 억원"
k072470,"1,092 억원"
k002140,"1,090 억원"
k004080,"1,090 억원"
k040160,"1,087 억원"
k058430,"1,086 억원"
k900310,"1,085 억원"
k034590,"1,085 억원"
k019770,"1,083 억원"
k066900,"1,083 억원"
k223250,"1,083 억원"
k036010,"1,079 억원"
k085310,"1,076 억원"
k037030,"1,072 억원"
k012600,"1,070 억원"
k024910,"1,069 억원"
k053450,"1,069 억원"
k327260,"1,068 억원"
k006050,"1,066 억원"
k033130,"1,065 억원"
k214270,"1,064 억원"
k054090,"1,058 억원"
k002360,"1,056 억원"
k035620,"1,055 억원"
k015230,"1,054 억원"
k058850,"1,054 억원"
k002600,"1,053 억원"
k119850,"1,053 억원"
k006140,"1,050 억원"
k256150,"1,049 억원"
k063440,"1,049 억원"
k001550,"1,049 억원"
k049480,"1,048 억원"
k058860,"1,048 억원"
k143540,"1,046 억원"
k234300,"1,043 억원"
k289010,"1,043 억원"
k570043,"1,042 억원"
k217480,"1,041 억원"
k241520,"1,040 억원"
k033830,"1,040 억원"
k170920,"1,040 억원"
k065710,"1,038 억원"
k043200,"1,038 억원"
k950140,"1,037 억원"
k164060,"1,037 억원"
k053590,"1,034 억원"
k027970,"1,033 억원"
k307930,"1,032 억원"
k002870,"1,031 억원"
k005360,"1,030 억원"
k224060,"1,027 억원"
k022220,"1,026 억원"
k031820,"1,021 억원"
k052790,"1,021 억원"
k005257,"1,019 억원"
k150900,"1,019 억원"
k005110,"1,019 억원"
k016740,"1,018 억원"
k229000,"1,017 억원"
k042500,"1,016 억원"
k198440,"1,014 억원"
k043290,"1,013 억원"
k001020,"1,011 억원"
k088390,"1,010 억원"
k124500,"1,009 억원"
k008290,"1,009 억원"
k014710,"1,004 억원"
k227840,"1,001 억원"
k039830,"1,001 억원"
k006980,998 억원
k350520,998 억원
k047770,995 억원
k056360,994 억원
k072990,994 억원
k009300,994 억원
k011330,993 억원
k124560,992 억원
k040610,992 억원
k101330,992 억원
k242040,991 억원
k126600,991 억원
k065060,990 억원
k263020,990 억원
k064850,989 억원
k007980,987 억원
k215380,984 억원
k006340,980 억원
k060310,979 억원
k073570,978 억원
k002880,977 억원
k150840,974 억원
k014200,974 억원
k194370,971 억원
k308100,970 억원
k219130,969 억원
k238200,967 억원
k000040,967 억원
k019440,964 억원
k000650,963 억원
k035000,963 억원
k017040,960 억원
k023460,960 억원
k198080,958 억원
k013720,957 억원
k322180,956 억원
k226440,955 억원
k005750,954 억원
k040420,953 억원
k105840,953 억원
k000500,951 억원
k007280,950 억원
k225190,950 억원
k217500,948 억원
k006090,947 억원
k357250,947 억원
k032860,946 억원
k095500,946 억원
k089530,945 억원
k570022,944 억원
k222110,944 억원
k071280,942 억원
k064240,942 억원
k002230,937 억원
k036690,937 억원
k060560,936 억원
k092600,935 억원
k071460,935 억원
k008600,935 억원
k142210,934 억원
k088130,933 억원
k225330,929 억원
k155660,928 억원
k065510,927 억원
k016600,927 억원
k006370,926 억원
k006910,926 억원
k003547,926 억원
k014990,925 억원
k174880,925 억원
k002200,924 억원
k017650,923 억원
k000910,921 억원
k221840,918 억원
k009620,918 억원
k510008,918 억원
k053350,917 억원
k258790,917 억원
k033560,917 억원
k065560,915 억원
k000300,915 억원
k010040,911 억원
k038530,910 억원
k195500,910 억원
k069110,905 억원
k086670,904 억원
k024880,904 억원
k003610,903 억원
k510007,903 억원
k008260,902 억원
k019010,901 억원
k001140,901 억원
k005800,897 억원
k123570,895 억원
k050760,895 억원
k089150,894 억원
k088910,892 억원
k047560,890 억원
k004870,889 억원
k222420,890 억원
k580006,886 억원
k013000,886 억원
k171090,886 억원
k046390,885 억원
k078860,883 억원
k246690,883 억원
k069920,882 억원
k219550,882 억원
k117730,881 억원
k093190,880 억원
k001080,880 억원
k170790,878 억원
k145210,878 억원
k016090,877 억원
k215790,876 억원
k273060,875 억원
k024900,874 억원
k018700,872 억원
k007590,870 억원
k123410,870 억원
k003080,870 억원
k018680,870 억원
k193250,869 억원
k104040,869 억원
k252500,868 억원
k196300,868 억원
k043340,868 억원
k033100,867 억원
k299170,867 억원
k096690,867 억원
k036170,866 억원
k133750,866 억원
k024120,865 억원
k318010,864 억원
k009780,864 억원
k272110,863 억원
k025620,862 억원
k052860,861 억원
k006580,859 억원
k092780,856 억원
k025550,856 억원
k050090,855 억원
k005190,851 억원
k032980,851 억원
k036480,849 억원
k016790,849 억원
k032940,849 억원
k065370,848 억원
k016250,846 억원
k005870,846 억원
k036640,846 억원
k016880,845 억원
k123010,844 억원
k258830,844 억원
k290120,844 억원
k049430,843 억원
k049520,843 억원
k215100,841 억원
k058730,841 억원
k173940,840 억원
k037370,840 억원
k500053,840 억원
k115440,839 억원
k094940,838 억원
k031510,834 억원
k313760,834 억원
k100220,833 억원
k226340,832 억원
k015540,832 억원
k049720,831 억원
k026940,830 억원
k009180,830 억원
k004450,829 억원
k045060,827 억원
k109860,826 억원
k131100,826 억원
k097800,825 억원
k024800,825 억원
k133820,824 억원
k114810,824 억원
k023350,823 억원
k009310,823 억원
k123840,822 억원
k270520,822 억원
k013360,821 억원
k051380,821 억원
k189980,820 억원
k203450,819 억원
k032750,819 억원
k039420,816 억원
k076080,816 억원
k011080,816 억원
k000105,815 억원
k171010,814 억원
k093520,813 억원
k214680,813 억원
k014130,812 억원
k250930,812 억원
k089850,811 억원
k138690,809 억원
k047080,809 억원
k003310,809 억원
k023770,808 억원
k225430,806 억원
k094820,805 억원
k140670,801 억원
k250060,801 억원
k104200,801 억원
k255220,800 억원
k550001,801 억원
k096350,799 억원
k081150,798 억원
k222810,798 억원
k002680,796 억원
k027830,796 억원
k004910,795 억원
k023440,795 억원
k042110,793 억원
k002920,791 억원
k187220,790 억원
k338100,787 억원
k007370,786 억원
k286750,784 억원
k004780,782 억원
k049630,781 억원
k230980,780 억원
k043260,780 억원
k105330,780 억원
k038950,779 억원
k274090,779 억원
k130500,779 억원
k037350,778 억원
k079970,778 억원
k100660,777 억원
k039010,776 억원
k090410,774 억원
k014440,773 억원
k083660,773 억원
k219420,772 억원
k217620,771 억원
k038340,769 억원
k008420,767 억원
k053620,765 억원
k018620,762 억원
k041440,761 억원
k041650,761 억원
k017370,760 억원
k101240,759 억원
k009770,757 억원
k092300,756 억원
k041020,755 억원
k083650,754 억원
k033170,754 억원
k530068,753 억원
k177830,750 억원
k009835,750 억원
k004410,750 억원
k043910,749 억원
k092460,748 억원
k052900,748 억원
k218150,748 억원
k149980,747 억원
k067010,745 억원
k073540,740 억원
k294630,739 억원
k322780,738 억원
k006660,737 억원
k111110,737 억원
k580007,736 억원
k069730,736 억원
k095270,735 억원
k110020,734 억원
k024890,730 억원
k005670,730 억원
k103840,729 억원
k246960,729 억원
k036000,728 억원
k066670,727 억원
k153490,724 억원
k000850,723 억원
k228340,720 억원
k019590,719 억원
k016920,718 억원
k039020,718 억원
k051780,714 억원
k031860,712 억원
k042940,711 억원
k277070,711 억원
k005860,711 억원
k052600,710 억원
k012320,708 억원
k208860,707 억원
k023810,707 억원
k530023,707 억원
k084670,707 억원
k033340,706 억원
k001810,706 억원
k267790,706 억원
k115500,706 억원
k006805,704 억원
k001560,703 억원
k060540,703 억원
k052300,702 억원
k105550,701 억원
k075130,700 억원
k126640,697 억원
k580010,696 억원
k139050,696 억원
k020180,696 억원
k221610,695 억원
k226400,695 억원
k520004,694 억원
k054180,694 억원
k263810,692 억원
k000590,692 억원
k169330,691 억원
k101170,691 억원
k032680,690 억원
k063760,690 억원
k006125,689 억원
k339950,688 억원
k078350,687 억원
k204840,687 억원
k097870,687 억원
k131760,687 억원
k004590,686 억원
k090080,684 억원
k054630,683 억원
k016100,682 억원
k317870,681 억원
k570044,680 억원
k008870,679 억원
k205500,678 억원
k065570,678 억원
k045510,676 억원
k054540,676 억원
k010470,675 억원
k147760,674 억원
k038010,673 억원
k318000,672 억원
k008775,672 억원
k080470,672 억원
k238120,671 억원
k004090,668 억원
k021650,667 억원
k059210,667 억원
k066360,666 억원
k025820,665 억원
k080520,665 억원
k900340,664 억원
k078650,664 억원
k014190,662 억원
k003010,661 억원
k307180,660 억원
k069460,659 억원
k099520,658 억원
k264850,654 억원
k017480,651 억원
k00499K,651 억원
k550009,648 억원
k069410,647 억원
k300080,646 억원
k044480,644 억원
k049550,644 억원
k222980,644 억원
k078940,640 억원
k115480,639 억원
k006570,637 억원
k090370,637 억원
k317770,637 억원
k003780,636 억원
k115310,635 억원
k027040,635 억원
k091970,635 억원
k041590,634 억원
k062970,633 억원
k189690,633 억원
k033230,632 억원
k079950,632 억원
k131090,632 억원
k080010,632 억원
k053260,631 억원
k011560,630 억원
k066410,627 억원
k114630,627 억원
k120115,627 억원
k154030,626 억원
k075970,626 억원
k031310,625 억원
k000157,623 억원
k021040,622 억원
k290660,622 억원
k311390,622 억원
k087600,621 억원
k017510,619 억원
k204630,619 억원
k220180,617 억원
k100030,614 억원
k101930,612 억원
k108860,611 억원
k091340,611 억원
k052460,610 억원
k024840,610 억원
k263860,609 억원
k039610,609 억원
k059120,602 억원
k010400,601 억원
k019180,601 억원
k025560,600 억원
k032800,600 억원
k154040,599 억원
k037760,599 억원
k119500,597 억원
k007610,596 억원
k204020,592 억원
k130740,591 억원
k007120,590 억원
k051630,587 억원
k046110,586 억원
k037400,586 억원
k530061,585 억원
k147830,585 억원
k050860,585 억원
k128660,584 억원
k001275,584 억원
k181340,583 억원
k069140,582 억원
k192410,581 억원
k010280,579 억원
k005010,578 억원
k027580,578 억원
k049800,578 억원
k071850,577 억원
k33626L,576 억원
k099440,573 억원
k002820,572 억원
k023150,572 억원
k002220,570 억원
k024740,569 억원
k072770,568 억원
k044380,568 억원
k010660,568 억원
k320000,567 억원
k096610,567 억원
k001000,563 억원
k127710,561 억원
k019540,558 억원
k010770,558 억원
k101000,558 억원
k500020,558 억원
k138070,557 억원
k297570,556 억원
k123700,556 억원
k048770,555 억원
k332370,555 억원
k037440,552 억원
k028080,552 억원
k011700,550 억원
k123750,549 억원
k073010,548 억원
k038110,548 억원
k088790,546 억원
k003680,546 억원
k078935,545 억원
k000440,545 억원
k002290,543 억원
k246720,540 억원
k290270,540 억원
k254120,539 억원
k024850,536 억원
k145270,536 억원
k319400,536 억원
k000950,536 억원
k038620,536 억원
k017000,535 억원
k008370,535 억원
k570051,534 억원
k032080,533 억원
k085810,533 억원
k208370,532 억원
k039310,532 억원
k122690,531 억원
k046310,529 억원
k076610,529 억원
k096640,527 억원
k317830,527 억원
k234920,526 억원
k530053,525 억원
k140520,524 억원
k049830,523 억원
k019570,521 억원
k006920,520 억원
k33637L,519 억원
k072130,519 억원
k067770,516 억원
k215480,513 억원
k134060,513 억원
k060260,512 억원
k053050,511 억원
k221980,510 억원
k067920,510 억원
k048470,509 억원
k085670,508 억원
k213090,505 억원
k182690,505 억원
k141070,504 억원
k900120,503 억원
k018470,503 억원
k094970,502 억원
k046070,502 억원
k098120,501 억원
k039980,501 억원
k079650,500 억원
k277410,500 억원
k309930,500 억원
k190650,500 억원
k005305,498 억원
k019685,496 억원
k214310,496 억원
k054040,496 억원
k059100,495 억원
k227610,494 억원
k900270,490 억원
k003495,486 억원
k045300,484 억원
k036620,481 억원
k006880,480 억원
k086060,480 억원
k025530,477 억원
k084180,477 억원
k530071,477 억원
k039240,476 억원
k043090,476 억원
k001620,476 억원
k007530,475 억원
k550008,475 억원
k033250,472 억원
k054940,471 억원
k008110,471 억원
k081580,471 억원
k008470,470 억원
k208710,469 억원
k035200,468 억원
k053270,467 억원
k046970,466 억원
k128540,466 억원
k053290,465 억원
k024940,465 억원
k109080,465 억원
k900280,464 억원
k279600,463 억원
k066910,460 억원
k090150,458 억원
k032960,457 억원
k070590,455 억원
k082660,453 억원
k065770,450 억원
k064480,449 억원
k900070,449 억원
k065440,447 억원
k208350,447 억원
k177350,447 억원
k073190,446 억원
k051390,445 억원
k069640,445 억원
k131180,445 억원
k004100,444 억원
k032540,443 억원
k009140,443 억원
k049120,443 억원
k900260,441 억원
k085910,441 억원
k067730,440 억원
k019990,438 억원
k093640,437 억원
k054930,437 억원
k005820,436 억원
k006200,434 억원
k212560,434 억원
k590009,434 억원
k032580,433 억원
k080530,431 억원
k101730,428 억원
k099410,428 억원
k030720,427 억원
k021880,425 억원
k000760,424 억원
k003465,424 억원
k011230,424 억원
k310200,423 억원
k030350,423 억원
k570045,422 억원
k060480,421 억원
k079000,420 억원
k025880,420 억원
k009810,418 억원
k136510,417 억원
k064510,416 억원
k024070,415 억원
k029480,414 억원
k011420,413 억원
k012620,413 억원
k510001,412 억원
k187790,410 억원
k079170,408 억원
k550013,407 억원
k002690,406 억원
k065690,406 억원
k049470,406 억원
k237750,403 억원
k530015,400 억원
k093380,398 억원
k590018,397 억원
k005030,397 억원
k064090,396 억원
k317850,395 억원
k014910,394 억원
k184230,391 억원
k175140,390 억원
k056090,389 억원
k900300,388 억원
k153460,387 억원
k048830,386 억원
k007770,384 억원
k018500,383 억원
k072950,383 억원
k035460,382 억원
k071090,381 억원
k275630,381 억원
k530019,381 억원
k071950,380 억원
k550014,380 억원
k023790,380 억원
k010420,377 억원
k010145,377 억원
k225590,374 억원
k043710,374 억원
k054300,372 억원
k010640,372 억원
k217190,371 억원
k033050,370 억원
k500045,369 억원
k500009,369 억원
k011300,366 억원
k550044,361 억원
k001210,359 억원
k084870,359 억원
k570030,357 억원
k025870,356 억원
k121850,354 억원
k520006,354 억원
k115570,351 억원
k323230,350 억원
k520014,350 억원
k032280,349 억원
k101390,349 억원
k500022,349 억원
k008830,346 억원
k026040,346 억원
k155900,345 억원
k015260,345 억원
k044780,344 억원
k108675,343 억원
k317530,339 억원
k500037,339 억원
k197140,337 억원
k053110,336 억원
k192390,333 억원
k530055,331 억원
k091440,330 억원
k015020,330 억원
k003475,329 억원
k001465,328 억원
k189860,328 억원
k550011,327 억원
k001420,325 억원
k096300,325 억원
k36328K,325 억원
k590005,321 억원
k187270,321 억원
k500018,320 억원
k900110,317 억원
k530036,315 억원
k060380,314 억원
k017250,314 억원
k054410,312 억원
k134580,312 억원
k590017,310 억원
k007575,307 억원
k520030,302 억원
k045890,301 억원
k003925,300 억원
k039740,299 억원
k019490,297 억원
k114120,297 억원
k026910,293 억원
k098660,291 억원
k101400,286 억원
k590004,285 억원
k500016,285 억원
k161570,285 억원
k500027,284 억원
k520003,282 억원
k500017,282 억원
k123330,279 억원
k520012,273 억원
k004365,273 억원
k127160,272 억원
k530016,271 억원
k500050,270 억원
k191410,268 억원
k001770,266 억원
k550012,263 억원
k500004,260 억원
k066430,259 억원
k590003,259 억원
k530020,257 억원
k140910,257 억원
k196700,256 억원
k020400,253 억원
k172580,252 억원
k18064K,252 억원
k001685,248 억원
k227100,246 억원
k101670,246 억원
k000087,240 억원
k204210,236 억원
k043360,235 억원
k570026,234 억원
k113810,234 억원
k530067,234 억원
k550005,228 억원
k096870,226 억원
k004920,224 억원
k008500,224 억원
k500023,223 억원
k007815,220 억원
k550007,218 억원
k000885,217 억원
k103230,213 억원
k530032,213 억원
k500014,211 억원
k590012,210 억원
k173130,209 억원
k530070,208 억원
k500035,206 억원
k550059,206 억원
k001515,204 억원
k044180,200 억원
k35320K,199 억원
k003535,199 억원
k530033,196 억원
k115610,191 억원
k053060,191 억원
k153360,189 억원
k215090,186 억원
k025890,180 억원
k004835,176 억원
k000725,176 억원
k530062,176 억원
k287410,173 억원
k550016,173 억원
k500036,171 억원
k550010,169 억원
k550041,169 억원
k009415,167 억원
k500024,166 억원
k002355,165 억원
k500042,164 억원
k323940,161 억원
k145995,160 억원
k500013,159 억원
k291230,158 억원
k002025,156 억원
k307280,155 억원
k000075,154 억원
k500040,153 억원
k500003,152 억원
k500052,148 억원
k530063,148 억원
k570023,147 억원
k550015,146 억원
k510005,146 억원
k520010,145 억원
k500039,145 억원
k359090,144 억원
k000225,143 억원
k101680,140 억원
k500008,138 억원
k328380,135 억원
k342550,132 억원
k580011,131 억원
k500056,131 억원
k580012,130 억원
k500006,130 억원
k000995,129 억원
k500030,128 억원
k367340,123 억원
k550058,123 억원
k336060,122 억원
k580013,122 억원
k510003,119 억원
k004255,119 억원
k008355,119 억원
k001745,118 억원
k570031,118 억원
k340350,117 억원
k500028,117 억원
k336570,116 억원
k317030,114 억원
k570020,114 억원
k500054,114 억원
k367460,112 억원
k700002,112 억원
k004415,111 억원
k355150,111 억원
k332290,110 억원
k004985,109 억원
k317320,108 억원
k353490,108 억원
k08537M,108 억원
k351340,108 억원
k520011,107 억원
k00806K,105 억원
k005725,105 억원
k340120,105 억원
k580015,104 억원
k353060,104 억원
k333050,104 억원
k570037,102 억원
k012205,101 억원
k500011,101 억원
k570034,100 억원
k341160,98 억원
k313750,98 억원
k570035,97 억원
k570038,97 억원
k307160,97 억원
k500007,97 억원
k001795,97 억원
k340440,97 억원
k307870,96 억원
k530065,95 억원
k580014,95 억원
k530004,95 억원
k365590,95 억원
k002995,95 억원
k530056,94 억원
k004105,94 억원
k510010,93 억원
k520015,93 억원
k351320,92 억원
k500002,92 억원
k332710,92 억원
k500010,91 억원
k590011,91 억원
k353190,90 억원
k337450,90 억원
k001755,90 억원
k330990,89 억원
k570027,89 억원
k003075,89 억원
k344050,88 억원
k353070,88 억원
k550042,88 억원
k369370,87 억원
k500044,84 억원
k343510,83 억원
k331380,82 억원
k331520,82 억원
k500051,80 억원
k500049,80 억원
k530002,80 억원
k520007,79 억원
k014825,79 억원
k26490K,79 억원
k011155,78 억원
k329560,78 억원
k500048,77 억원
k310840,77 억원
k084695,76 억원
k005745,76 억원
k500021,76 억원
k311270,75 억원
k004565,75 억원
k510002,74 억원
k349720,74 억원
k323280,74 억원
k500057,73 억원
k058420,73 억원
k321260,73 억원
k310870,72 억원
k004545,70 억원
k570025,70 억원
k000145,70 억원
k570021,68 억원
k335870,68 억원
k014285,67 억원
k006345,66 억원
k001065,66 억원
k500005,66 억원
k323210,66 억원
k000545,65 억원
k510004,65 억원
k347140,62 억원
k016385,61 억원
k021045,59 억원
k090355,58 억원
k00781K,58 억원
k570032,58 억원
k002785,54 억원
k550045,54 억원
k005965,52 억원
k570042,49 억원
k014915,49 억원
k530064,48 억원
k500038,48 억원
k000227,48 억원
k001067,46 억원
k520005,45 억원
k500041,44 억원
k032685,43 억원
k001525,42 억원
k001527,37 억원
k510006,36 억원
k002787,36 억원
k009275,34 억원
k000325,33 억원
k000547,32 억원
k510009,32 억원
k001529,28 억원
k550043,21 억원
